[{"id":"user-image-DALLE2024-03-1212.15.13-CreatearealisticimagedepictinganEnglishhighschoolclassroomsceneinDubaiviewedfromtheback.Thefocusisonateacheratthefrontthei.webp","publicUrl":"np://user.desktop.nicepage.com/Site_802803213/images/DALLE2024-03-1212.15.13-CreatearealisticimagedepictinganEnglishhighschoolclassroomsceneinDubaiviewedfromtheback.Thefocusisonateacheratthefrontthei.webp","size":344922,"hash":"/Aj4gPiZTrkwfCTFWbki9Y0vL1c=","fileName":"DALLE2024-03-1212.15.13-CreatearealisticimagedepictinganEnglishhighschoolclassroomsceneinDubaiviewedfromtheback.Thefocusisonateacheratthefrontthei.webp","name":"DALLE2024-03-1212.15.13-CreatearealisticimagedepictinganEnglishhighschoolclassroomsceneinDubaiviewedfromtheback.Thefocusisonateacheratthefrontthei","width":1024,"height":1024,"thumbnail":{"url":"np://user.desktop.nicepage.com/Site_802803213/images/DALLE2024-03-1212.15.13-CreatearealisticimagedepictinganEnglishhighschoolclassroomsceneinDubaiviewedfromtheback.Thefocusisonateacheratthefrontthei.webp","width":250,"height":250},"folderId":null,"usages":["8013689"]},{"id":"user-image-logo.png","publicUrl":"np://user.desktop.nicepage.com/Site_802803213/images/logo.png","size":74153,"hash":"PERwmI4eMuc/YqCpDI2aDVXV+TE=","fileName":"logo.png","name":"logo","width":500,"height":500,"thumbnail":{"url":"np://user.desktop.nicepage.com/Site_802803213/images/thumbnails/logo.png","width":250,"height":250},"folderId":null,"usages":[]},{"id":"user-image-edfmin1.jpg","publicUrl":"np://user.desktop.nicepage.com/Site_802803213/images/edfmin1.jpg","size":397470,"hash":"BUnBe0XvOk7qZsvIKsfwqiiGibk=","fileName":"edfmin1.jpg","name":"edfmin1","width":1980,"height":1320,"thumbnail":{"url":"np://user.desktop.nicepage.com/Site_802803213/images/thumbnails/edfmin1.jpg","width":250,"height":167},"folderId":null,"originalUrl":"//images03.nicepagecdn.com/c461c07a441a5d220e8feb1a/0890838e72745092aab92f97/edfmin1.jpg","usages":["8013689"]},{"id":"user-image-new.png","publicUrl":"np://user.desktop.nicepage.com/Site_802803213/images/new.png","size":26753,"hash":"bkmIwgYHCvFZYZwarRCSo/RzIw8=","fileName":"new.png","name":"new","width":2500,"height":1278,"thumbnail":{"url":"np://user.desktop.nicepage.com/Site_802803213/images/thumbnails/new.png","width":250,"height":128},"folderId":null,"originalUrl":"//images01.nicepagecdn.com/c461c07a441a5d220e8feb1a/6d698987cd165fc9b92041ed/new.png","usages":["8013689"]}]