[{"id":35151311,"title":"Blog Template","order":1,"templateKey":"blog","customTemplate":false,"customTemplateFilename":null,"pageLinks":[],"dateCreated":"2024-05-08T16:16:25.644Z","dateUpdated":"2024-05-08T16:16:28.045Z","folderId":null,"pageName":"Blog Template","serverPageId":null,"sectionCount":1,"status":2,"backwardUrl":null},{"id":91698560,"title":"Post Template","order":2,"templateKey":"post","customTemplate":false,"customTemplateFilename":null,"pageLinks":[],"dateCreated":"2024-05-08T16:16:25.861Z","dateUpdated":"2024-05-08T16:16:28.046Z","folderId":null,"pageName":"Post Template","serverPageId":null,"sectionCount":1,"status":2,"backwardUrl":null},{"id":190682694,"title":"Product List Template","order":3,"templateKey":"products","customTemplate":false,"customTemplateFilename":null,"pageLinks":[],"dateCreated":"2024-05-08T16:16:26.094Z","dateUpdated":"2024-05-08T16:16:28.046Z","folderId":null,"pageName":"Product List Template","serverPageId":null,"sectionCount":1,"status":2,"backwardUrl":null},{"id":758310462,"title":"Product Details Template","order":4,"templateKey":"product","customTemplate":false,"customTemplateFilename":null,"pageLinks":[],"dateCreated":"2024-05-08T16:16:26.326Z","dateUpdated":"2024-05-08T16:16:28.046Z","folderId":null,"pageName":"Product Details Template","serverPageId":null,"sectionCount":1,"status":2,"backwardUrl":null},{"id":217840916,"title":"Shopping Cart Template","order":5,"templateKey":"cart","customTemplate":false,"customTemplateFilename":null,"pageLinks":[],"dateCreated":"2024-05-08T16:16:26.585Z","dateUpdated":"2024-05-08T16:16:28.047Z","folderId":null,"pageName":"Shopping Cart Template","serverPageId":null,"sectionCount":1,"status":2,"backwardUrl":null},{"id":102669727,"title":"Checkout Template","order":6,"templateKey":"checkout","customTemplate":false,"customTemplateFilename":null,"pageLinks":[],"dateCreated":"2024-05-08T16:16:26.855Z","dateUpdated":"2024-05-08T16:16:28.047Z","folderId":null,"pageName":"Checkout Template","serverPageId":null,"sectionCount":1,"status":2,"backwardUrl":null},{"id":300942222,"title":"Login Template","order":7,"templateKey":"login","customTemplate":false,"customTemplateFilename":null,"pageLinks":[],"dateCreated":"2024-05-08T16:16:27.014Z","dateUpdated":"2024-05-08T16:16:28.047Z","folderId":null,"pageName":"Login Template","serverPageId":null,"sectionCount":1,"status":2,"backwardUrl":null},{"id":1779222349,"title":"Page Password Template","order":8,"templateKey":"password","customTemplate":false,"customTemplateFilename":null,"pageLinks":[],"dateCreated":"2024-05-08T16:16:27.155Z","dateUpdated":"2024-05-08T16:16:28.048Z","folderId":null,"pageName":"Page Password Template","serverPageId":null,"sectionCount":1,"status":2,"backwardUrl":null},{"id":31497436,"title":"404 Not Found Template","order":9,"templateKey":"404","customTemplate":false,"customTemplateFilename":null,"pageLinks":[],"dateCreated":"2024-05-08T16:16:27.280Z","dateUpdated":"2024-05-08T16:16:28.048Z","folderId":null,"pageName":"404 Not Found Template","serverPageId":null,"sectionCount":1,"status":2,"backwardUrl":null},{"id":9619949,"title":"Thank You Page Template","order":10,"templateKey":"ThankYou","customTemplate":false,"customTemplateFilename":null,"pageLinks":[],"dateCreated":"2024-05-08T16:16:27.385Z","dateUpdated":"2024-05-08T16:16:28.048Z","folderId":null,"pageName":"Thank You Page Template","serverPageId":null,"sectionCount":1,"status":2,"backwardUrl":null},{"id":8013689,"title":"Home","order":50,"templateKey":null,"customTemplate":false,"customTemplateFilename":null,"pageLinks":["201674219"],"dateCreated":"2024-05-08T16:17:32.917Z","dateUpdated":"2024-05-08T17:47:29.410Z","folderId":null,"pageName":"Home_8013689","serverPageId":null,"sectionCount":3,"status":2,"backwardUrl":null},{"id":201674219,"title":"My Journey","order":51,"templateKey":null,"customTemplate":false,"customTemplateFilename":null,"pageLinks":[],"dateCreated":"2024-05-08T16:33:59.600Z","dateUpdated":"2024-05-08T17:38:54.718Z","folderId":null,"pageName":"My Journey_201674219","serverPageId":null,"sectionCount":2,"status":2,"backwardUrl":null}]